id,complexid,beheercode,naam,omschrijving,beheerobjectsoort,aard,netwerk,classificatie,bpscoderingid,route,traj_id,relatie_tot_weg,vaarweg,waterweghmtot,rdx,rdy,stichtingsjaar,status,sloopjaar,eigenaar,beheerder,ondplicht,beheergebied,inspinst,provincie1,provincie2,gemeente1,gemeente2,isinactive,waterweg,id_miok,instantieid,userid_insert,date_insert,userid_modified,date_modified,timestamp,ihonderdeelid,locatie,bpscoderingid,elementsoort,hoeveelheid,eenheid,materiaal,beheerobjectid,isonderdeelid,locatie,bouwdeelsoort,materiaal,ihonderdeelid,beheerobjectid
4978,2382,31H-005-01,Galecopperbrug zuid,Zuidelijke brug over het Amsterdam-Rijnkanaal nabij Utrecht,Bruggen (vast),Droog,HWN       ,Staal,4269,A12,30,in RW     ,NULL,NULL,"135,143","452,51",1971,in gebruik,NULL,RWS MN / MN District Zuid,RWS MN / MN District Zuid,RWS MN / MN District Zuid,RWS MN / MN District Zuid,RWS GPO / RPC Noord-West,Utrecht,NULL,Utrecht (gem.),NULL,0,NULL,13924,1054,NULL,NULL,402,2014-07-25 10:52:58.000,0x00000000007975F9,23099,Dir.bruggen civiel (1971),NULL,Hoofddraagconstructie,NULL,m2,staal,4978,50585,OVSP 01-03,Dwarsdrager,staal,23099,4978
4978,2382,31H-005-01,Galecopperbrug zuid,Zuidelijke brug over het Amsterdam-Rijnkanaal nabij Utrecht,Bruggen (vast),Droog,HWN       ,Staal,4269,A12,30,in RW     ,NULL,NULL,"135,143","452,51",1971,in gebruik,NULL,RWS MN / MN District Zuid,RWS MN / MN District Zuid,RWS MN / MN District Zuid,RWS MN / MN District Zuid,RWS GPO / RPC Noord-West,Utrecht,NULL,Utrecht (gem.),NULL,0,NULL,13924,1054,NULL,NULL,402,2014-07-25 10:52:58.000,0x00000000007975F9,23099,Dir.bruggen civiel (1971),NULL,Hoofddraagconstructie,NULL,m2,staal,4978,50594,OVSP 01-03,verstijving,staal,23099,4978
4978,2382,31H-005-01,Galecopperbrug zuid,Zuidelijke brug over het Amsterdam-Rijnkanaal nabij Utrecht,Bruggen (vast),Droog,HWN       ,Staal,4269,A12,30,in RW     ,NULL,NULL,"135,143","452,51",1971,in gebruik,NULL,RWS MN / MN District Zuid,RWS MN / MN District Zuid,RWS MN / MN District Zuid,RWS MN / MN District Zuid,RWS GPO / RPC Noord-West,Utrecht,NULL,Utrecht (gem.),NULL,0,NULL,13924,1054,NULL,NULL,402,2014-07-25 10:52:58.000,0x00000000007975F9,23099,Dir.bruggen civiel (1971),NULL,Hoofddraagconstructie,NULL,m2,staal,4978,50596,OVSP 01-03,hoofdligger,staal,23099,4978
4978,2382,31H-005-01,Galecopperbrug zuid,Zuidelijke brug over het Amsterdam-Rijnkanaal nabij Utrecht,Bruggen (vast),Droog,HWN       ,Staal,4269,A12,30,in RW     ,NULL,NULL,"135,143","452,51",1971,in gebruik,NULL,RWS MN / MN District Zuid,RWS MN / MN District Zuid,RWS MN / MN District Zuid,RWS MN / MN District Zuid,RWS GPO / RPC Noord-West,Utrecht,NULL,Utrecht (gem.),NULL,0,NULL,13924,1054,NULL,NULL,402,2014-07-25 10:52:58.000,0x00000000007975F9,23099,Dir.bruggen civiel (1971),NULL,Hoofddraagconstructie,NULL,m2,staal,4978,50597,OVSP 01-03,kantligger,staal,23099,4978
4978,2382,31H-005-01,Galecopperbrug zuid,Zuidelijke brug over het Amsterdam-Rijnkanaal nabij Utrecht,Bruggen (vast),Droog,HWN       ,Staal,4269,A12,30,in RW     ,NULL,NULL,"135,143","452,51",1971,in gebruik,NULL,RWS MN / MN District Zuid,RWS MN / MN District Zuid,RWS MN / MN District Zuid,RWS MN / MN District Zuid,RWS GPO / RPC Noord-West,Utrecht,NULL,Utrecht (gem.),NULL,0,NULL,13924,1054,NULL,NULL,402,2014-07-25 10:52:58.000,0x00000000007975F9,23099,Dir.bruggen civiel (1971),NULL,Hoofddraagconstructie,NULL,m2,staal,4978,50598,OVSP 01-03,Langsligger,staal,23099,4978
4978,2382,31H-005-01,Galecopperbrug zuid,Zuidelijke brug over het Amsterdam-Rijnkanaal nabij Utrecht,Bruggen (vast),Droog,HWN       ,Staal,4269,A12,30,in RW     ,NULL,NULL,"135,143","452,51",1971,in gebruik,NULL,RWS MN / MN District Zuid,RWS MN / MN District Zuid,RWS MN / MN District Zuid,RWS MN / MN District Zuid,RWS GPO / RPC Noord-West,Utrecht,NULL,Utrecht (gem.),NULL,0,NULL,13924,1054,NULL,NULL,402,2014-07-25 10:52:58.000,0x00000000007975F9,23099,Dir.bruggen civiel (1971),NULL,Hoofddraagconstructie,NULL,m2,staal,4978,217942,OVSP 01-03,"Rijvloer, Algemeen",staal,23099,4978
4978,2382,31H-005-01,Galecopperbrug zuid,Zuidelijke brug over het Amsterdam-Rijnkanaal nabij Utrecht,Bruggen (vast),Droog,HWN       ,Staal,4269,A12,30,in RW     ,NULL,NULL,"135,143","452,51",1971,in gebruik,NULL,RWS MN / MN District Zuid,RWS MN / MN District Zuid,RWS MN / MN District Zuid,RWS MN / MN District Zuid,RWS GPO / RPC Noord-West,Utrecht,NULL,Utrecht (gem.),NULL,0,NULL,13924,1054,NULL,NULL,402,2014-07-25 10:52:58.000,0x00000000007975F9,23096,(middel)stijf,NULL,Geleideconstructie,NULL,m,staal,4978,50582,MB,Geleiderail,staal,23096,4978
4978,2382,31H-005-01,Galecopperbrug zuid,Zuidelijke brug over het Amsterdam-Rijnkanaal nabij Utrecht,Bruggen (vast),Droog,HWN       ,Staal,4269,A12,30,in RW     ,NULL,NULL,"135,143","452,51",1971,in gebruik,NULL,RWS MN / MN District Zuid,RWS MN / MN District Zuid,RWS MN / MN District Zuid,RWS MN / MN District Zuid,RWS GPO / RPC Noord-West,Utrecht,NULL,Utrecht (gem.),NULL,0,NULL,13924,1054,NULL,NULL,402,2014-07-25 10:52:58.000,0x00000000007975F9,23096,(middel)stijf,NULL,Geleideconstructie,NULL,m,staal,4978,50583,ZB 01+02,Geleiderail,staal,23096,4978
4978,2382,31H-005-01,Galecopperbrug zuid,Zuidelijke brug over het Amsterdam-Rijnkanaal nabij Utrecht,Bruggen (vast),Droog,HWN       ,Staal,4269,A12,30,in RW     ,NULL,NULL,"135,143","452,51",1971,in gebruik,NULL,RWS MN / MN District Zuid,RWS MN / MN District Zuid,RWS MN / MN District Zuid,RWS MN / MN District Zuid,RWS GPO / RPC Noord-West,Utrecht,NULL,Utrecht (gem.),NULL,0,NULL,13924,1054,NULL,NULL,402,2014-07-25 10:52:58.000,0x00000000007975F9,23093,-,NULL,Oplegging,NULL,stuk,staal/teflon/rubber,4978,50573,STP 01-04,"Oplegging, Algemeen",staal/teflon/rubber,23093,4978
4978,2382,31H-005-01,Galecopperbrug zuid,Zuidelijke brug over het Amsterdam-Rijnkanaal nabij Utrecht,Bruggen (vast),Droog,HWN       ,Staal,4269,A12,30,in RW     ,NULL,NULL,"135,143","452,51",1971,in gebruik,NULL,RWS MN / MN District Zuid,RWS MN / MN District Zuid,RWS MN / MN District Zuid,RWS MN / MN District Zuid,RWS GPO / RPC Noord-West,Utrecht,NULL,Utrecht (gem.),NULL,0,NULL,13924,1054,NULL,NULL,402,2014-07-25 10:52:58.000,0x00000000007975F9,23093,-,NULL,Oplegging,NULL,stuk,staal/teflon/rubber,4978,217753,STP 01+04,Kolom,beton,23093,4978
4978,2382,31H-005-01,Galecopperbrug zuid,Zuidelijke brug over het Amsterdam-Rijnkanaal nabij Utrecht,Bruggen (vast),Droog,HWN       ,Staal,4269,A12,30,in RW     ,NULL,NULL,"135,143","452,51",1971,in gebruik,NULL,RWS MN / MN District Zuid,RWS MN / MN District Zuid,RWS MN / MN District Zuid,RWS MN / MN District Zuid,RWS GPO / RPC Noord-West,Utrecht,NULL,Utrecht (gem.),NULL,0,NULL,13924,1054,NULL,NULL,402,2014-07-25 10:52:58.000,0x00000000007975F9,23093,-,NULL,Oplegging,NULL,stuk,staal/teflon/rubber,4978,217754,STP 01-04,Oplegblok,beton,23093,4978
4978,2382,31H-005-01,Galecopperbrug zuid,Zuidelijke brug over het Amsterdam-Rijnkanaal nabij Utrecht,Bruggen (vast),Droog,HWN       ,Staal,4269,A12,30,in RW     ,NULL,NULL,"135,143","452,51",1971,in gebruik,NULL,RWS MN / MN District Zuid,RWS MN / MN District Zuid,RWS MN / MN District Zuid,RWS MN / MN District Zuid,RWS GPO / RPC Noord-West,Utrecht,NULL,Utrecht (gem.),NULL,0,NULL,13924,1054,NULL,NULL,402,2014-07-25 10:52:58.000,0x00000000007975F9,23093,-,NULL,Oplegging,NULL,stuk,staal/teflon/rubber,4978,217760,STP 01+04,"Verankering, Algemeen",staal,23093,4978
4978,2382,31H-005-01,Galecopperbrug zuid,Zuidelijke brug over het Amsterdam-Rijnkanaal nabij Utrecht,Bruggen (vast),Droog,HWN       ,Staal,4269,A12,30,in RW     ,NULL,NULL,"135,143","452,51",1971,in gebruik,NULL,RWS MN / MN District Zuid,RWS MN / MN District Zuid,RWS MN / MN District Zuid,RWS MN / MN District Zuid,RWS GPO / RPC Noord-West,Utrecht,NULL,Utrecht (gem.),NULL,0,NULL,13924,1054,NULL,NULL,402,2014-07-25 10:52:58.000,0x00000000007975F9,107461,-,31658,Laagspanningsinstallatie,NULL,NULL,-,4978,250523,geheel object,"Laagspanningsinstallatie, Algemeen",-,107461,4978
4978,2382,31H-005-01,Galecopperbrug zuid,Zuidelijke brug over het Amsterdam-Rijnkanaal nabij Utrecht,Bruggen (vast),Droog,HWN       ,Staal,4269,A12,30,in RW     ,NULL,NULL,"135,143","452,51",1971,in gebruik,NULL,RWS MN / MN District Zuid,RWS MN / MN District Zuid,RWS MN / MN District Zuid,RWS MN / MN District Zuid,RWS GPO / RPC Noord-West,Utrecht,NULL,Utrecht (gem.),NULL,0,NULL,13924,1054,NULL,NULL,402,2014-07-25 10:52:58.000,0x00000000007975F9,107447,-,31658,Kabeldraagconstructie,NULL,NULL,-,4978,250490,geheel object,"Kabeldraagconstructie, Algemeen",-,107447,4978
4978,2382,31H-005-01,Galecopperbrug zuid,Zuidelijke brug over het Amsterdam-Rijnkanaal nabij Utrecht,Bruggen (vast),Droog,HWN       ,Staal,4269,A12,30,in RW     ,NULL,NULL,"135,143","452,51",1971,in gebruik,NULL,RWS MN / MN District Zuid,RWS MN / MN District Zuid,RWS MN / MN District Zuid,RWS MN / MN District Zuid,RWS GPO / RPC Noord-West,Utrecht,NULL,Utrecht (gem.),NULL,0,NULL,13924,1054,NULL,NULL,402,2014-07-25 10:52:58.000,0x00000000007975F9,102353,-,31658,Inspectiewagen,NULL,NULL,-,4978,221307,-,"Inspectiewagen, Algemeen",staal,102353,4978
4978,2382,31H-005-01,Galecopperbrug zuid,Zuidelijke brug over het Amsterdam-Rijnkanaal nabij Utrecht,Bruggen (vast),Droog,HWN       ,Staal,4269,A12,30,in RW     ,NULL,NULL,"135,143","452,51",1971,in gebruik,NULL,RWS MN / MN District Zuid,RWS MN / MN District Zuid,RWS MN / MN District Zuid,RWS MN / MN District Zuid,RWS GPO / RPC Noord-West,Utrecht,NULL,Utrecht (gem.),NULL,0,NULL,13924,1054,NULL,NULL,402,2014-07-25 10:52:58.000,0x00000000007975F9,23097,NULL,NULL,Leuning,NULL,m,staal,4978,50584,"STP 01+04, ZB 01","Leuning, Algemeen",staal,23097,4978
4978,2382,31H-005-01,Galecopperbrug zuid,Zuidelijke brug over het Amsterdam-Rijnkanaal nabij Utrecht,Bruggen (vast),Droog,HWN       ,Staal,4269,A12,30,in RW     ,NULL,NULL,"135,143","452,51",1971,in gebruik,NULL,RWS MN / MN District Zuid,RWS MN / MN District Zuid,RWS MN / MN District Zuid,RWS MN / MN District Zuid,RWS GPO / RPC Noord-West,Utrecht,NULL,Utrecht (gem.),NULL,0,NULL,13924,1054,NULL,NULL,402,2014-07-25 10:52:58.000,0x00000000007975F9,23098,NULL,NULL,Hemelwaterafvoer (HWA),NULL,stuk,staal,4978,104667,-,"Hemelwaterafvoer (HWA), Algemeen",staal,23098,4978
4978,2382,31H-005-01,Galecopperbrug zuid,Zuidelijke brug over het Amsterdam-Rijnkanaal nabij Utrecht,Bruggen (vast),Droog,HWN       ,Staal,4269,A12,30,in RW     ,NULL,NULL,"135,143","452,51",1971,in gebruik,NULL,RWS MN / MN District Zuid,RWS MN / MN District Zuid,RWS MN / MN District Zuid,RWS MN / MN District Zuid,RWS GPO / RPC Noord-West,Utrecht,NULL,Utrecht (gem.),NULL,0,NULL,13924,1054,NULL,NULL,402,2014-07-25 10:52:58.000,0x00000000007975F9,100807,Stalen Pylonen,31658,Pyloon,NULL,m2,beton,4978,217933,"STP 01+04, OVSP 02",ligger,staal,100807,4978
4978,2382,31H-005-01,Galecopperbrug zuid,Zuidelijke brug over het Amsterdam-Rijnkanaal nabij Utrecht,Bruggen (vast),Droog,HWN       ,Staal,4269,A12,30,in RW     ,NULL,NULL,"135,143","452,51",1971,in gebruik,NULL,RWS MN / MN District Zuid,RWS MN / MN District Zuid,RWS MN / MN District Zuid,RWS MN / MN District Zuid,RWS GPO / RPC Noord-West,Utrecht,NULL,Utrecht (gem.),NULL,0,NULL,13924,1054,NULL,NULL,402,2014-07-25 10:52:58.000,0x00000000007975F9,100807,Stalen Pylonen,31658,Pyloon,NULL,m2,beton,4978,217934,OVSP 01-03,Tuiconstructie,staal,100807,4978
4978,2382,31H-005-01,Galecopperbrug zuid,Zuidelijke brug over het Amsterdam-Rijnkanaal nabij Utrecht,Bruggen (vast),Droog,HWN       ,Staal,4269,A12,30,in RW     ,NULL,NULL,"135,143","452,51",1971,in gebruik,NULL,RWS MN / MN District Zuid,RWS MN / MN District Zuid,RWS MN / MN District Zuid,RWS MN / MN District Zuid,RWS GPO / RPC Noord-West,Utrecht,NULL,Utrecht (gem.),NULL,0,NULL,13924,1054,NULL,NULL,402,2014-07-25 10:52:58.000,0x00000000007975F9,100807,Stalen Pylonen,31658,Pyloon,NULL,m2,beton,4978,217935,STP 02+03,"Verankering, Algemeen",staal,100807,4978
4978,2382,31H-005-01,Galecopperbrug zuid,Zuidelijke brug over het Amsterdam-Rijnkanaal nabij Utrecht,Bruggen (vast),Droog,HWN       ,Staal,4269,A12,30,in RW     ,NULL,NULL,"135,143","452,51",1971,in gebruik,NULL,RWS MN / MN District Zuid,RWS MN / MN District Zuid,RWS MN / MN District Zuid,RWS MN / MN District Zuid,RWS GPO / RPC Noord-West,Utrecht,NULL,Utrecht (gem.),NULL,0,NULL,13924,1054,NULL,NULL,402,2014-07-25 10:52:58.000,0x00000000007975F9,100807,Stalen Pylonen,31658,Pyloon,NULL,m2,beton,4978,217936,"STP 01+04, OVSP 02",Beschermconstructie,staal,100807,4978
4978,2382,31H-005-01,Galecopperbrug zuid,Zuidelijke brug over het Amsterdam-Rijnkanaal nabij Utrecht,Bruggen (vast),Droog,HWN       ,Staal,4269,A12,30,in RW     ,NULL,NULL,"135,143","452,51",1971,in gebruik,NULL,RWS MN / MN District Zuid,RWS MN / MN District Zuid,RWS MN / MN District Zuid,RWS MN / MN District Zuid,RWS GPO / RPC Noord-West,Utrecht,NULL,Utrecht (gem.),NULL,0,NULL,13924,1054,NULL,NULL,402,2014-07-25 10:52:58.000,0x00000000007975F9,100807,Stalen Pylonen,31658,Pyloon,NULL,m2,beton,4978,217937,STP 02+03,Frame,staal,100807,4978
4978,2382,31H-005-01,Galecopperbrug zuid,Zuidelijke brug over het Amsterdam-Rijnkanaal nabij Utrecht,Bruggen (vast),Droog,HWN       ,Staal,4269,A12,30,in RW     ,NULL,NULL,"135,143","452,51",1971,in gebruik,NULL,RWS MN / MN District Zuid,RWS MN / MN District Zuid,RWS MN / MN District Zuid,RWS MN / MN District Zuid,RWS GPO / RPC Noord-West,Utrecht,NULL,Utrecht (gem.),NULL,0,NULL,13924,1054,NULL,NULL,402,2014-07-25 10:52:58.000,0x00000000007975F9,100807,Stalen Pylonen,31658,Pyloon,NULL,m2,beton,4978,217938,STP 02+03,verstijving,staal,100807,4978
4978,2382,31H-005-01,Galecopperbrug zuid,Zuidelijke brug over het Amsterdam-Rijnkanaal nabij Utrecht,Bruggen (vast),Droog,HWN       ,Staal,4269,A12,30,in RW     ,NULL,NULL,"135,143","452,51",1971,in gebruik,NULL,RWS MN / MN District Zuid,RWS MN / MN District Zuid,RWS MN / MN District Zuid,RWS MN / MN District Zuid,RWS GPO / RPC Noord-West,Utrecht,NULL,Utrecht (gem.),NULL,0,NULL,13924,1054,NULL,NULL,402,2014-07-25 10:52:58.000,0x00000000007975F9,100807,Stalen Pylonen,31658,Pyloon,NULL,m2,beton,4978,217939,STP 02+03,Plaatveld,staal,100807,4978
4978,2382,31H-005-01,Galecopperbrug zuid,Zuidelijke brug over het Amsterdam-Rijnkanaal nabij Utrecht,Bruggen (vast),Droog,HWN       ,Staal,4269,A12,30,in RW     ,NULL,NULL,"135,143","452,51",1971,in gebruik,NULL,RWS MN / MN District Zuid,RWS MN / MN District Zuid,RWS MN / MN District Zuid,RWS MN / MN District Zuid,RWS GPO / RPC Noord-West,Utrecht,NULL,Utrecht (gem.),NULL,0,NULL,13924,1054,NULL,NULL,402,2014-07-25 10:52:58.000,0x00000000007975F9,100807,Stalen Pylonen,31658,Pyloon,NULL,m2,beton,4978,217940,STP 02+03,Ladder,staal,100807,4978
4978,2382,31H-005-01,Galecopperbrug zuid,Zuidelijke brug over het Amsterdam-Rijnkanaal nabij Utrecht,Bruggen (vast),Droog,HWN       ,Staal,4269,A12,30,in RW     ,NULL,NULL,"135,143","452,51",1971,in gebruik,NULL,RWS MN / MN District Zuid,RWS MN / MN District Zuid,RWS MN / MN District Zuid,RWS MN / MN District Zuid,RWS GPO / RPC Noord-West,Utrecht,NULL,Utrecht (gem.),NULL,0,NULL,13924,1054,NULL,NULL,402,2014-07-25 10:52:58.000,0x00000000007975F9,100807,Stalen Pylonen,31658,Pyloon,NULL,m2,beton,4978,217941,STP 02+03,Deur,staal,100807,4978
4978,2382,31H-005-01,Galecopperbrug zuid,Zuidelijke brug over het Amsterdam-Rijnkanaal nabij Utrecht,Bruggen (vast),Droog,HWN       ,Staal,4269,A12,30,in RW     ,NULL,NULL,"135,143","452,51",1971,in gebruik,NULL,RWS MN / MN District Zuid,RWS MN / MN District Zuid,RWS MN / MN District Zuid,RWS MN / MN District Zuid,RWS GPO / RPC Noord-West,Utrecht,NULL,Utrecht (gem.),NULL,0,NULL,13924,1054,NULL,NULL,402,2014-07-25 10:52:58.000,0x00000000007975F9,100762,-,31658,Antivandalismevoorziening,NULL,NULL,-,4978,217758,STP 01-04,"Antivandalismevoorziening, Algemeen",-,100762,4978
4978,2382,31H-005-01,Galecopperbrug zuid,Zuidelijke brug over het Amsterdam-Rijnkanaal nabij Utrecht,Bruggen (vast),Droog,HWN       ,Staal,4269,A12,30,in RW     ,NULL,NULL,"135,143","452,51",1971,in gebruik,NULL,RWS MN / MN District Zuid,RWS MN / MN District Zuid,RWS MN / MN District Zuid,RWS MN / MN District Zuid,RWS GPO / RPC Noord-West,Utrecht,NULL,Utrecht (gem.),NULL,0,NULL,13924,1054,NULL,NULL,402,2014-07-25 10:52:58.000,0x00000000007975F9,100762,-,31658,Antivandalismevoorziening,NULL,NULL,-,4978,217759,STP 01-04,Deur,-,100762,4978
4978,2382,31H-005-01,Galecopperbrug zuid,Zuidelijke brug over het Amsterdam-Rijnkanaal nabij Utrecht,Bruggen (vast),Droog,HWN       ,Staal,4269,A12,30,in RW     ,NULL,NULL,"135,143","452,51",1971,in gebruik,NULL,RWS MN / MN District Zuid,RWS MN / MN District Zuid,RWS MN / MN District Zuid,RWS MN / MN District Zuid,RWS GPO / RPC Noord-West,Utrecht,NULL,Utrecht (gem.),NULL,0,NULL,13924,1054,NULL,NULL,402,2014-07-25 10:52:58.000,0x00000000007975F9,108183,tbv de tuiconstructies,31658,Klimaatinstallatie,NULL,NULL,-,4978,252410,STP02+03,"Klimaatinstallatie, algemeen",-,108183,4978
4978,2382,31H-005-01,Galecopperbrug zuid,Zuidelijke brug over het Amsterdam-Rijnkanaal nabij Utrecht,Bruggen (vast),Droog,HWN       ,Staal,4269,A12,30,in RW     ,NULL,NULL,"135,143","452,51",1971,in gebruik,NULL,RWS MN / MN District Zuid,RWS MN / MN District Zuid,RWS MN / MN District Zuid,RWS MN / MN District Zuid,RWS GPO / RPC Noord-West,Utrecht,NULL,Utrecht (gem.),NULL,0,NULL,13924,1054,NULL,NULL,402,2014-07-25 10:52:58.000,0x00000000007975F9,23092,natuurlijk,NULL,Talud,NULL,NULL,-,4978,50569,STP 01+04,"Talud, Algemeen",-,23092,4978
4978,2382,31H-005-01,Galecopperbrug zuid,Zuidelijke brug over het Amsterdam-Rijnkanaal nabij Utrecht,Bruggen (vast),Droog,HWN       ,Staal,4269,A12,30,in RW     ,NULL,NULL,"135,143","452,51",1971,in gebruik,NULL,RWS MN / MN District Zuid,RWS MN / MN District Zuid,RWS MN / MN District Zuid,RWS MN / MN District Zuid,RWS GPO / RPC Noord-West,Utrecht,NULL,Utrecht (gem.),NULL,0,NULL,13924,1054,NULL,NULL,402,2014-07-25 10:52:58.000,0x00000000007975F9,23094,NULL,NULL,Steunpunt,NULL,stuk,beton,4978,50574,STP 01+04,Trap,staal,23094,4978
4978,2382,31H-005-01,Galecopperbrug zuid,Zuidelijke brug over het Amsterdam-Rijnkanaal nabij Utrecht,Bruggen (vast),Droog,HWN       ,Staal,4269,A12,30,in RW     ,NULL,NULL,"135,143","452,51",1971,in gebruik,NULL,RWS MN / MN District Zuid,RWS MN / MN District Zuid,RWS MN / MN District Zuid,RWS MN / MN District Zuid,RWS GPO / RPC Noord-West,Utrecht,NULL,Utrecht (gem.),NULL,0,NULL,13924,1054,NULL,NULL,402,2014-07-25 10:52:58.000,0x00000000007975F9,23094,NULL,NULL,Steunpunt,NULL,stuk,beton,4978,50576,STP 01+04,Vloer,beton,23094,4978
4978,2382,31H-005-01,Galecopperbrug zuid,Zuidelijke brug over het Amsterdam-Rijnkanaal nabij Utrecht,Bruggen (vast),Droog,HWN       ,Staal,4269,A12,30,in RW     ,NULL,NULL,"135,143","452,51",1971,in gebruik,NULL,RWS MN / MN District Zuid,RWS MN / MN District Zuid,RWS MN / MN District Zuid,RWS MN / MN District Zuid,RWS GPO / RPC Noord-West,Utrecht,NULL,Utrecht (gem.),NULL,0,NULL,13924,1054,NULL,NULL,402,2014-07-25 10:52:58.000,0x00000000007975F9,23094,NULL,NULL,Steunpunt,NULL,stuk,beton,4978,50577,STP 01+04,Wand,beton,23094,4978
4978,2382,31H-005-01,Galecopperbrug zuid,Zuidelijke brug over het Amsterdam-Rijnkanaal nabij Utrecht,Bruggen (vast),Droog,HWN       ,Staal,4269,A12,30,in RW     ,NULL,NULL,"135,143","452,51",1971,in gebruik,NULL,RWS MN / MN District Zuid,RWS MN / MN District Zuid,RWS MN / MN District Zuid,RWS MN / MN District Zuid,RWS GPO / RPC Noord-West,Utrecht,NULL,Utrecht (gem.),NULL,0,NULL,13924,1054,NULL,NULL,402,2014-07-25 10:52:58.000,0x00000000007975F9,23094,NULL,NULL,Steunpunt,NULL,stuk,beton,4978,50578,STP 02+03,Fundatie,beton,23094,4978
4978,2382,31H-005-01,Galecopperbrug zuid,Zuidelijke brug over het Amsterdam-Rijnkanaal nabij Utrecht,Bruggen (vast),Droog,HWN       ,Staal,4269,A12,30,in RW     ,NULL,NULL,"135,143","452,51",1971,in gebruik,NULL,RWS MN / MN District Zuid,RWS MN / MN District Zuid,RWS MN / MN District Zuid,RWS MN / MN District Zuid,RWS GPO / RPC Noord-West,Utrecht,NULL,Utrecht (gem.),NULL,0,NULL,13924,1054,NULL,NULL,402,2014-07-25 10:52:58.000,0x00000000007975F9,23094,NULL,NULL,Steunpunt,NULL,stuk,beton,4978,50579,STP 02+03,Kolom,beton,23094,4978
4978,2382,31H-005-01,Galecopperbrug zuid,Zuidelijke brug over het Amsterdam-Rijnkanaal nabij Utrecht,Bruggen (vast),Droog,HWN       ,Staal,4269,A12,30,in RW     ,NULL,NULL,"135,143","452,51",1971,in gebruik,NULL,RWS MN / MN District Zuid,RWS MN / MN District Zuid,RWS MN / MN District Zuid,RWS MN / MN District Zuid,RWS GPO / RPC Noord-West,Utrecht,NULL,Utrecht (gem.),NULL,0,NULL,13924,1054,NULL,NULL,402,2014-07-25 10:52:58.000,0x00000000007975F9,23094,NULL,NULL,Steunpunt,NULL,stuk,beton,4978,217755,STP 01+04,Landhoofd,beton,23094,4978
4978,2382,31H-005-01,Galecopperbrug zuid,Zuidelijke brug over het Amsterdam-Rijnkanaal nabij Utrecht,Bruggen (vast),Droog,HWN       ,Staal,4269,A12,30,in RW     ,NULL,NULL,"135,143","452,51",1971,in gebruik,NULL,RWS MN / MN District Zuid,RWS MN / MN District Zuid,RWS MN / MN District Zuid,RWS MN / MN District Zuid,RWS GPO / RPC Noord-West,Utrecht,NULL,Utrecht (gem.),NULL,0,NULL,13924,1054,NULL,NULL,402,2014-07-25 10:52:58.000,0x00000000007975F9,23094,NULL,NULL,Steunpunt,NULL,stuk,beton,4978,217756,STP 01+04,Luik,staal,23094,4978
4978,2382,31H-005-01,Galecopperbrug zuid,Zuidelijke brug over het Amsterdam-Rijnkanaal nabij Utrecht,Bruggen (vast),Droog,HWN       ,Staal,4269,A12,30,in RW     ,NULL,NULL,"135,143","452,51",1971,in gebruik,NULL,RWS MN / MN District Zuid,RWS MN / MN District Zuid,RWS MN / MN District Zuid,RWS MN / MN District Zuid,RWS GPO / RPC Noord-West,Utrecht,NULL,Utrecht (gem.),NULL,0,NULL,13924,1054,NULL,NULL,402,2014-07-25 10:52:58.000,0x00000000007975F9,23094,NULL,NULL,Steunpunt,NULL,stuk,beton,4978,217757,STP 01+04,Deur,staal,23094,4978
4978,2382,31H-005-01,Galecopperbrug zuid,Zuidelijke brug over het Amsterdam-Rijnkanaal nabij Utrecht,Bruggen (vast),Droog,HWN       ,Staal,4269,A12,30,in RW     ,NULL,NULL,"135,143","452,51",1971,in gebruik,NULL,RWS MN / MN District Zuid,RWS MN / MN District Zuid,RWS MN / MN District Zuid,RWS MN / MN District Zuid,RWS GPO / RPC Noord-West,Utrecht,NULL,Utrecht (gem.),NULL,0,NULL,13924,1054,NULL,NULL,402,2014-07-25 10:52:58.000,0x00000000007975F9,23095,NULL,NULL,Voegovergang,NULL,m,staal,4978,50581,STP 01+04,"Voegovergang, Algemeen",staal,23095,4978
4978,2382,31H-005-01,Galecopperbrug zuid,Zuidelijke brug over het Amsterdam-Rijnkanaal nabij Utrecht,Bruggen (vast),Droog,HWN       ,Staal,4269,A12,30,in RW     ,NULL,NULL,"135,143","452,51",1971,in gebruik,NULL,RWS MN / MN District Zuid,RWS MN / MN District Zuid,RWS MN / MN District Zuid,RWS MN / MN District Zuid,RWS GPO / RPC Noord-West,Utrecht,NULL,Utrecht (gem.),NULL,0,NULL,13924,1054,NULL,NULL,402,2014-07-25 10:52:58.000,0x00000000007975F9,107446,-,31658,Aarding- en bliksembeveiligingsinstallatie,NULL,NULL,-,4978,250489,geheel object,"Aarding- en bliksembeveiligingsinstallatie, Algemeen",-,107446,4978
4978,2382,31H-005-01,Galecopperbrug zuid,Zuidelijke brug over het Amsterdam-Rijnkanaal nabij Utrecht,Bruggen (vast),Droog,HWN       ,Staal,4269,A12,30,in RW     ,NULL,NULL,"135,143","452,51",1971,in gebruik,NULL,RWS MN / MN District Zuid,RWS MN / MN District Zuid,RWS MN / MN District Zuid,RWS MN / MN District Zuid,RWS GPO / RPC Noord-West,Utrecht,NULL,Utrecht (gem.),NULL,0,NULL,13924,1054,NULL,NULL,402,2014-07-25 10:52:58.000,0x00000000007975F9,107448,-,31658,Objectverlichting,NULL,NULL,-,4978,250491,geheel object,"Objectverlichting, Algemeen",-,107448,4978
4978,2382,31H-005-01,Galecopperbrug zuid,Zuidelijke brug over het Amsterdam-Rijnkanaal nabij Utrecht,Bruggen (vast),Droog,HWN       ,Staal,4269,A12,30,in RW     ,NULL,NULL,"135,143","452,51",1971,in gebruik,NULL,RWS MN / MN District Zuid,RWS MN / MN District Zuid,RWS MN / MN District Zuid,RWS MN / MN District Zuid,RWS GPO / RPC Noord-West,Utrecht,NULL,Utrecht (gem.),NULL,0,NULL,13924,1054,NULL,NULL,402,2014-07-25 10:52:58.000,0x00000000007975F9,108214,-,31658,Scheepverkeersbeseining,NULL,NULL,-,4978,252485,OVSP 02,"Scheepverkeersbeseining, Algemeen",staal,108214,4978
4978,2382,31H-005-01,Galecopperbrug zuid,Zuidelijke brug over het Amsterdam-Rijnkanaal nabij Utrecht,Bruggen (vast),Droog,HWN       ,Staal,4269,A12,30,in RW     ,NULL,NULL,"135,143","452,51",1971,in gebruik,NULL,RWS MN / MN District Zuid,RWS MN / MN District Zuid,RWS MN / MN District Zuid,RWS MN / MN District Zuid,RWS GPO / RPC Noord-West,Utrecht,NULL,Utrecht (gem.),NULL,0,NULL,13924,1054,NULL,NULL,402,2014-07-25 10:52:58.000,0x00000000007975F9,100745,-,31658,Rijvloer,NULL,NULL,beton,4978,217730,OVSP 01-03,"Rijvloer, Algemeen",beton,100745,4978
4978,2382,31H-005-01,Galecopperbrug zuid,Zuidelijke brug over het Amsterdam-Rijnkanaal nabij Utrecht,Bruggen (vast),Droog,HWN       ,Staal,4269,A12,30,in RW     ,NULL,NULL,"135,143","452,51",1971,in gebruik,NULL,RWS MN / MN District Zuid,RWS MN / MN District Zuid,RWS MN / MN District Zuid,RWS MN / MN District Zuid,RWS GPO / RPC Noord-West,Utrecht,NULL,Utrecht (gem.),NULL,0,NULL,13924,1054,NULL,NULL,402,2014-07-25 10:52:58.000,0x00000000007975F9,100751,-,31658,"Verharding wegtype 1, Hoofdwegennet",NULL,m2,kunststof,4978,217734,OVSP 01-03,"Slijtlaag, Algemeen",kunststof,100751,4978
4978,2382,31H-005-01,Galecopperbrug zuid,Zuidelijke brug over het Amsterdam-Rijnkanaal nabij Utrecht,Bruggen (vast),Droog,HWN       ,Staal,4269,A12,30,in RW     ,NULL,NULL,"135,143","452,51",1971,in gebruik,NULL,RWS MN / MN District Zuid,RWS MN / MN District Zuid,RWS MN / MN District Zuid,RWS MN / MN District Zuid,RWS GPO / RPC Noord-West,Utrecht,NULL,Utrecht (gem.),NULL,0,NULL,13924,1054,NULL,NULL,402,2014-07-25 10:52:58.000,0x00000000007975F9,100808,Renovatie (2014),31658,Hoofddraagconstructie,NULL,m2,staal,4978,217943,OVSP 01-03,Frame,staal,100808,4978
4978,2382,31H-005-01,Galecopperbrug zuid,Zuidelijke brug over het Amsterdam-Rijnkanaal nabij Utrecht,Bruggen (vast),Droog,HWN       ,Staal,4269,A12,30,in RW     ,NULL,NULL,"135,143","452,51",1971,in gebruik,NULL,RWS MN / MN District Zuid,RWS MN / MN District Zuid,RWS MN / MN District Zuid,RWS MN / MN District Zuid,RWS GPO / RPC Noord-West,Utrecht,NULL,Utrecht (gem.),NULL,0,NULL,13924,1054,NULL,NULL,402,2014-07-25 10:52:58.000,0x00000000007975F9,100808,Renovatie (2014),31658,Hoofddraagconstructie,NULL,m2,staal,4978,217944,OVSP 01-03,hoofdligger,staal,100808,4978
4978,2382,31H-005-01,Galecopperbrug zuid,Zuidelijke brug over het Amsterdam-Rijnkanaal nabij Utrecht,Bruggen (vast),Droog,HWN       ,Staal,4269,A12,30,in RW     ,NULL,NULL,"135,143","452,51",1971,in gebruik,NULL,RWS MN / MN District Zuid,RWS MN / MN District Zuid,RWS MN / MN District Zuid,RWS MN / MN District Zuid,RWS GPO / RPC Noord-West,Utrecht,NULL,Utrecht (gem.),NULL,0,NULL,13924,1054,NULL,NULL,402,2014-07-25 10:52:58.000,0x00000000007975F9,100808,Renovatie (2014),31658,Hoofddraagconstructie,NULL,m2,staal,4978,217945,STP 01+04,"Verankering, Algemeen",staal,100808,4978
4978,2382,31H-005-01,Galecopperbrug zuid,Zuidelijke brug over het Amsterdam-Rijnkanaal nabij Utrecht,Bruggen (vast),Droog,HWN       ,Staal,4269,A12,30,in RW     ,NULL,NULL,"135,143","452,51",1971,in gebruik,NULL,RWS MN / MN District Zuid,RWS MN / MN District Zuid,RWS MN / MN District Zuid,RWS MN / MN District Zuid,RWS GPO / RPC Noord-West,Utrecht,NULL,Utrecht (gem.),NULL,0,NULL,13924,1054,NULL,NULL,402,2014-07-25 10:52:58.000,0x00000000007975F9,100808,Renovatie (2014),31658,Hoofddraagconstructie,NULL,m2,staal,4978,217946,OVSP 01-03,Dwarsdrager,staal,100808,4978
4978,2382,31H-005-01,Galecopperbrug zuid,Zuidelijke brug over het Amsterdam-Rijnkanaal nabij Utrecht,Bruggen (vast),Droog,HWN       ,Staal,4269,A12,30,in RW     ,NULL,NULL,"135,143","452,51",1971,in gebruik,NULL,RWS MN / MN District Zuid,RWS MN / MN District Zuid,RWS MN / MN District Zuid,RWS MN / MN District Zuid,RWS GPO / RPC Noord-West,Utrecht,NULL,Utrecht (gem.),NULL,0,NULL,13924,1054,NULL,NULL,402,2014-07-25 10:52:58.000,0x00000000007975F9,100808,Renovatie (2014),31658,Hoofddraagconstructie,NULL,m2,staal,4978,252411,OVSP 01-03,"Leuning, Algemeen",staal,100808,4978
4978,2382,31H-005-01,Galecopperbrug zuid,Zuidelijke brug over het Amsterdam-Rijnkanaal nabij Utrecht,Bruggen (vast),Droog,HWN       ,Staal,4269,A12,30,in RW     ,NULL,NULL,"135,143","452,51",1971,in gebruik,NULL,RWS MN / MN District Zuid,RWS MN / MN District Zuid,RWS MN / MN District Zuid,RWS MN / MN District Zuid,RWS GPO / RPC Noord-West,Utrecht,NULL,Utrecht (gem.),NULL,0,NULL,13924,1054,NULL,NULL,402,2014-07-25 10:52:58.000,0x00000000007975F9,100808,Renovatie (2014),31658,Hoofddraagconstructie,NULL,m2,staal,4978,252412,OVSP 01-03,Bordes,staal,100808,4978
4979,2382,31H-005-02,Galecopperbrug noord,Noordelijke brug over het Amsterdam-Rijnkanaal nabij Utrecht,Bruggen (vast),Droog,HWN       ,Staal,4269,A12,30,in RW     ,NULL,NULL,"135,121","452,549",1976,in gebruik,NULL,RWS MN / MN District Zuid,RWS MN / MN District Zuid,RWS MN / MN District Zuid,RWS MN / MN District Zuid,RWS GPO / RPC Noord-West,Utrecht,NULL,Utrecht (gem.),NULL,0,NULL,13925,1054,NULL,NULL,402,2014-07-25 10:53:13.000,0x00000000007975FA,23109,,NULL,"Verharding wegtype 1, Hoofdwegennet",NULL,m2,kunststof,4979,252505,OVSP 01-03,"Slijtlaag, Algemeen",kunststof,23109,4979
4979,2382,31H-005-02,Galecopperbrug noord,Noordelijke brug over het Amsterdam-Rijnkanaal nabij Utrecht,Bruggen (vast),Droog,HWN       ,Staal,4269,A12,30,in RW     ,NULL,NULL,"135,121","452,549",1976,in gebruik,NULL,RWS MN / MN District Zuid,RWS MN / MN District Zuid,RWS MN / MN District Zuid,RWS MN / MN District Zuid,RWS GPO / RPC Noord-West,Utrecht,NULL,Utrecht (gem.),NULL,0,NULL,13925,1054,NULL,NULL,402,2014-07-25 10:53:13.000,0x00000000007975FA,23108,Dir. bruggen civiel (1971),NULL,Hoofddraagconstructie,NULL,m2,staal,4979,50619,OVSP 01-03,Dwarsdrager,staal,23108,4979
4979,2382,31H-005-02,Galecopperbrug noord,Noordelijke brug over het Amsterdam-Rijnkanaal nabij Utrecht,Bruggen (vast),Droog,HWN       ,Staal,4269,A12,30,in RW     ,NULL,NULL,"135,121","452,549",1976,in gebruik,NULL,RWS MN / MN District Zuid,RWS MN / MN District Zuid,RWS MN / MN District Zuid,RWS MN / MN District Zuid,RWS GPO / RPC Noord-West,Utrecht,NULL,Utrecht (gem.),NULL,0,NULL,13925,1054,NULL,NULL,402,2014-07-25 10:53:13.000,0x00000000007975FA,23108,Dir. bruggen civiel (1971),NULL,Hoofddraagconstructie,NULL,m2,staal,4979,50628,OVSP 01-03,verstijving,staal,23108,4979
4979,2382,31H-005-02,Galecopperbrug noord,Noordelijke brug over het Amsterdam-Rijnkanaal nabij Utrecht,Bruggen (vast),Droog,HWN       ,Staal,4269,A12,30,in RW     ,NULL,NULL,"135,121","452,549",1976,in gebruik,NULL,RWS MN / MN District Zuid,RWS MN / MN District Zuid,RWS MN / MN District Zuid,RWS MN / MN District Zuid,RWS GPO / RPC Noord-West,Utrecht,NULL,Utrecht (gem.),NULL,0,NULL,13925,1054,NULL,NULL,402,2014-07-25 10:53:13.000,0x00000000007975FA,23108,Dir. bruggen civiel (1971),NULL,Hoofddraagconstructie,NULL,m2,staal,4979,50630,OVSP 01-03,hoofdligger,staal,23108,4979
4979,2382,31H-005-02,Galecopperbrug noord,Noordelijke brug over het Amsterdam-Rijnkanaal nabij Utrecht,Bruggen (vast),Droog,HWN       ,Staal,4269,A12,30,in RW     ,NULL,NULL,"135,121","452,549",1976,in gebruik,NULL,RWS MN / MN District Zuid,RWS MN / MN District Zuid,RWS MN / MN District Zuid,RWS MN / MN District Zuid,RWS GPO / RPC Noord-West,Utrecht,NULL,Utrecht (gem.),NULL,0,NULL,13925,1054,NULL,NULL,402,2014-07-25 10:53:13.000,0x00000000007975FA,23108,Dir. bruggen civiel (1971),NULL,Hoofddraagconstructie,NULL,m2,staal,4979,50631,OVSP 01-03,kantligger,staal,23108,4979
4979,2382,31H-005-02,Galecopperbrug noord,Noordelijke brug over het Amsterdam-Rijnkanaal nabij Utrecht,Bruggen (vast),Droog,HWN       ,Staal,4269,A12,30,in RW     ,NULL,NULL,"135,121","452,549",1976,in gebruik,NULL,RWS MN / MN District Zuid,RWS MN / MN District Zuid,RWS MN / MN District Zuid,RWS MN / MN District Zuid,RWS GPO / RPC Noord-West,Utrecht,NULL,Utrecht (gem.),NULL,0,NULL,13925,1054,NULL,NULL,402,2014-07-25 10:53:13.000,0x00000000007975FA,23108,Dir. bruggen civiel (1971),NULL,Hoofddraagconstructie,NULL,m2,staal,4979,50632,OVSP 01-03,Langsligger,staal,23108,4979
4979,2382,31H-005-02,Galecopperbrug noord,Noordelijke brug over het Amsterdam-Rijnkanaal nabij Utrecht,Bruggen (vast),Droog,HWN       ,Staal,4269,A12,30,in RW     ,NULL,NULL,"135,121","452,549",1976,in gebruik,NULL,RWS MN / MN District Zuid,RWS MN / MN District Zuid,RWS MN / MN District Zuid,RWS MN / MN District Zuid,RWS GPO / RPC Noord-West,Utrecht,NULL,Utrecht (gem.),NULL,0,NULL,13925,1054,NULL,NULL,402,2014-07-25 10:53:13.000,0x00000000007975FA,23108,Dir. bruggen civiel (1971),NULL,Hoofddraagconstructie,NULL,m2,staal,4979,251925,OVSP 01-03,"Rijvloer, Algemeen",staal,23108,4979
4979,2382,31H-005-02,Galecopperbrug noord,Noordelijke brug over het Amsterdam-Rijnkanaal nabij Utrecht,Bruggen (vast),Droog,HWN       ,Staal,4269,A12,30,in RW     ,NULL,NULL,"135,121","452,549",1976,in gebruik,NULL,RWS MN / MN District Zuid,RWS MN / MN District Zuid,RWS MN / MN District Zuid,RWS MN / MN District Zuid,RWS GPO / RPC Noord-West,Utrecht,NULL,Utrecht (gem.),NULL,0,NULL,13925,1054,NULL,NULL,402,2014-07-25 10:53:13.000,0x00000000007975FA,50974,-,NULL,Oplegging,NULL,stuk,staal/teflon/rubber,4979,252496,STP 01-04,Oplegblok,beton,50974,4979
4979,2382,31H-005-02,Galecopperbrug noord,Noordelijke brug over het Amsterdam-Rijnkanaal nabij Utrecht,Bruggen (vast),Droog,HWN       ,Staal,4269,A12,30,in RW     ,NULL,NULL,"135,121","452,549",1976,in gebruik,NULL,RWS MN / MN District Zuid,RWS MN / MN District Zuid,RWS MN / MN District Zuid,RWS MN / MN District Zuid,RWS GPO / RPC Noord-West,Utrecht,NULL,Utrecht (gem.),NULL,0,NULL,13925,1054,NULL,NULL,402,2014-07-25 10:53:13.000,0x00000000007975FA,50974,-,NULL,Oplegging,NULL,stuk,staal/teflon/rubber,4979,252498,STP 01-04,"Oplegging, Algemeen",staal/teflon/rubber,50974,4979
4979,2382,31H-005-02,Galecopperbrug noord,Noordelijke brug over het Amsterdam-Rijnkanaal nabij Utrecht,Bruggen (vast),Droog,HWN       ,Staal,4269,A12,30,in RW     ,NULL,NULL,"135,121","452,549",1976,in gebruik,NULL,RWS MN / MN District Zuid,RWS MN / MN District Zuid,RWS MN / MN District Zuid,RWS MN / MN District Zuid,RWS GPO / RPC Noord-West,Utrecht,NULL,Utrecht (gem.),NULL,0,NULL,13925,1054,NULL,NULL,402,2014-07-25 10:53:13.000,0x00000000007975FA,50974,-,NULL,Oplegging,NULL,stuk,staal/teflon/rubber,4979,252499,STP 01+04,Kolom,beton,50974,4979
4979,2382,31H-005-02,Galecopperbrug noord,Noordelijke brug over het Amsterdam-Rijnkanaal nabij Utrecht,Bruggen (vast),Droog,HWN       ,Staal,4269,A12,30,in RW     ,NULL,NULL,"135,121","452,549",1976,in gebruik,NULL,RWS MN / MN District Zuid,RWS MN / MN District Zuid,RWS MN / MN District Zuid,RWS MN / MN District Zuid,RWS GPO / RPC Noord-West,Utrecht,NULL,Utrecht (gem.),NULL,0,NULL,13925,1054,NULL,NULL,402,2014-07-25 10:53:13.000,0x00000000007975FA,50974,-,NULL,Oplegging,NULL,stuk,staal/teflon/rubber,4979,252500,STP 01+04,"Verankering, Algemeen",staal,50974,4979
4979,2382,31H-005-02,Galecopperbrug noord,Noordelijke brug over het Amsterdam-Rijnkanaal nabij Utrecht,Bruggen (vast),Droog,HWN       ,Staal,4269,A12,30,in RW     ,NULL,NULL,"135,121","452,549",1976,in gebruik,NULL,RWS MN / MN District Zuid,RWS MN / MN District Zuid,RWS MN / MN District Zuid,RWS MN / MN District Zuid,RWS GPO / RPC Noord-West,Utrecht,NULL,Utrecht (gem.),NULL,0,NULL,13925,1054,NULL,NULL,402,2014-07-25 10:53:13.000,0x00000000007975FA,108223,-,31658,Laagspanningsinstallatie,NULL,NULL,-,4979,252509,geheel object,"Laagspanningsinstallatie, Algemeen",-,108223,4979
4979,2382,31H-005-02,Galecopperbrug noord,Noordelijke brug over het Amsterdam-Rijnkanaal nabij Utrecht,Bruggen (vast),Droog,HWN       ,Staal,4269,A12,30,in RW     ,NULL,NULL,"135,121","452,549",1976,in gebruik,NULL,RWS MN / MN District Zuid,RWS MN / MN District Zuid,RWS MN / MN District Zuid,RWS MN / MN District Zuid,RWS GPO / RPC Noord-West,Utrecht,NULL,Utrecht (gem.),NULL,0,NULL,13925,1054,NULL,NULL,402,2014-07-25 10:53:13.000,0x00000000007975FA,108224,-,31658,Kabeldraagconstructie,NULL,NULL,-,4979,252510,geheel object,"Kabeldraagconstructie, Algemeen",-,108224,4979
4979,2382,31H-005-02,Galecopperbrug noord,Noordelijke brug over het Amsterdam-Rijnkanaal nabij Utrecht,Bruggen (vast),Droog,HWN       ,Staal,4269,A12,30,in RW     ,NULL,NULL,"135,121","452,549",1976,in gebruik,NULL,RWS MN / MN District Zuid,RWS MN / MN District Zuid,RWS MN / MN District Zuid,RWS MN / MN District Zuid,RWS GPO / RPC Noord-West,Utrecht,NULL,Utrecht (gem.),NULL,0,NULL,13925,1054,NULL,NULL,402,2014-07-25 10:53:13.000,0x00000000007975FA,108221,-,31658,Inspectiewagen,NULL,NULL,-,4979,252507,-,"Inspectiewagen, Algemeen",staal,108221,4979
4979,2382,31H-005-02,Galecopperbrug noord,Noordelijke brug over het Amsterdam-Rijnkanaal nabij Utrecht,Bruggen (vast),Droog,HWN       ,Staal,4269,A12,30,in RW     ,NULL,NULL,"135,121","452,549",1976,in gebruik,NULL,RWS MN / MN District Zuid,RWS MN / MN District Zuid,RWS MN / MN District Zuid,RWS MN / MN District Zuid,RWS GPO / RPC Noord-West,Utrecht,NULL,Utrecht (gem.),NULL,0,NULL,13925,1054,NULL,NULL,402,2014-07-25 10:53:13.000,0x00000000007975FA,23106,NULL,NULL,Leuning,NULL,m,staal,4979,50618,"STP 01+04, ZB 01","Leuning, Algemeen",staal,23106,4979
4979,2382,31H-005-02,Galecopperbrug noord,Noordelijke brug over het Amsterdam-Rijnkanaal nabij Utrecht,Bruggen (vast),Droog,HWN       ,Staal,4269,A12,30,in RW     ,NULL,NULL,"135,121","452,549",1976,in gebruik,NULL,RWS MN / MN District Zuid,RWS MN / MN District Zuid,RWS MN / MN District Zuid,RWS MN / MN District Zuid,RWS GPO / RPC Noord-West,Utrecht,NULL,Utrecht (gem.),NULL,0,NULL,13925,1054,NULL,NULL,402,2014-07-25 10:53:13.000,0x00000000007975FA,23107,NULL,NULL,Hemelwaterafvoer (HWA),NULL,stuk,staal,4979,104032,-,"Hemelwaterafvoer (HWA), Algemeen",staal,23107,4979
4979,2382,31H-005-02,Galecopperbrug noord,Noordelijke brug over het Amsterdam-Rijnkanaal nabij Utrecht,Bruggen (vast),Droog,HWN       ,Staal,4269,A12,30,in RW     ,NULL,NULL,"135,121","452,549",1976,in gebruik,NULL,RWS MN / MN District Zuid,RWS MN / MN District Zuid,RWS MN / MN District Zuid,RWS MN / MN District Zuid,RWS GPO / RPC Noord-West,Utrecht,NULL,Utrecht (gem.),NULL,0,NULL,13925,1054,NULL,NULL,402,2014-07-25 10:53:13.000,0x00000000007975FA,108222,tbv tuiconstructies,31658,Klimaatinstallatie,NULL,NULL,-,4979,252508,STP 02+03,"Klimaatinstallatie, algemeen",-,108222,4979
4979,2382,31H-005-02,Galecopperbrug noord,Noordelijke brug over het Amsterdam-Rijnkanaal nabij Utrecht,Bruggen (vast),Droog,HWN       ,Staal,4269,A12,30,in RW     ,NULL,NULL,"135,121","452,549",1976,in gebruik,NULL,RWS MN / MN District Zuid,RWS MN / MN District Zuid,RWS MN / MN District Zuid,RWS MN / MN District Zuid,RWS GPO / RPC Noord-West,Utrecht,NULL,Utrecht (gem.),NULL,0,NULL,13925,1054,NULL,NULL,402,2014-07-25 10:53:13.000,0x00000000007975FA,108216,-,31658,Antivandalismevoorziening,NULL,NULL,-,4979,252487,STP 01-04,"Antivandalismevoorziening, Algemeen",-,108216,4979
4979,2382,31H-005-02,Galecopperbrug noord,Noordelijke brug over het Amsterdam-Rijnkanaal nabij Utrecht,Bruggen (vast),Droog,HWN       ,Staal,4269,A12,30,in RW     ,NULL,NULL,"135,121","452,549",1976,in gebruik,NULL,RWS MN / MN District Zuid,RWS MN / MN District Zuid,RWS MN / MN District Zuid,RWS MN / MN District Zuid,RWS GPO / RPC Noord-West,Utrecht,NULL,Utrecht (gem.),NULL,0,NULL,13925,1054,NULL,NULL,402,2014-07-25 10:53:13.000,0x00000000007975FA,108216,-,31658,Antivandalismevoorziening,NULL,NULL,-,4979,252488,STP 01-04,Deur,-,108216,4979
4979,2382,31H-005-02,Galecopperbrug noord,Noordelijke brug over het Amsterdam-Rijnkanaal nabij Utrecht,Bruggen (vast),Droog,HWN       ,Staal,4269,A12,30,in RW     ,NULL,NULL,"135,121","452,549",1976,in gebruik,NULL,RWS MN / MN District Zuid,RWS MN / MN District Zuid,RWS MN / MN District Zuid,RWS MN / MN District Zuid,RWS GPO / RPC Noord-West,Utrecht,NULL,Utrecht (gem.),NULL,0,NULL,13925,1054,NULL,NULL,402,2014-07-25 10:53:13.000,0x00000000007975FA,23101,natuurlijk,NULL,Talud,NULL,NULL,-,4979,50603,STP 01+04,"Talud, Algemeen",-,23101,4979
4979,2382,31H-005-02,Galecopperbrug noord,Noordelijke brug over het Amsterdam-Rijnkanaal nabij Utrecht,Bruggen (vast),Droog,HWN       ,Staal,4269,A12,30,in RW     ,NULL,NULL,"135,121","452,549",1976,in gebruik,NULL,RWS MN / MN District Zuid,RWS MN / MN District Zuid,RWS MN / MN District Zuid,RWS MN / MN District Zuid,RWS GPO / RPC Noord-West,Utrecht,NULL,Utrecht (gem.),NULL,0,NULL,13925,1054,NULL,NULL,402,2014-07-25 10:53:13.000,0x00000000007975FA,23103,NULL,NULL,Steunpunt,NULL,stuk,beton,4979,50607,STP 01+04,Trap,staal,23103,4979
4979,2382,31H-005-02,Galecopperbrug noord,Noordelijke brug over het Amsterdam-Rijnkanaal nabij Utrecht,Bruggen (vast),Droog,HWN       ,Staal,4269,A12,30,in RW     ,NULL,NULL,"135,121","452,549",1976,in gebruik,NULL,RWS MN / MN District Zuid,RWS MN / MN District Zuid,RWS MN / MN District Zuid,RWS MN / MN District Zuid,RWS GPO / RPC Noord-West,Utrecht,NULL,Utrecht (gem.),NULL,0,NULL,13925,1054,NULL,NULL,402,2014-07-25 10:53:13.000,0x00000000007975FA,23103,NULL,NULL,Steunpunt,NULL,stuk,beton,4979,50609,STP 01+04,Vloer,beton,23103,4979
4979,2382,31H-005-02,Galecopperbrug noord,Noordelijke brug over het Amsterdam-Rijnkanaal nabij Utrecht,Bruggen (vast),Droog,HWN       ,Staal,4269,A12,30,in RW     ,NULL,NULL,"135,121","452,549",1976,in gebruik,NULL,RWS MN / MN District Zuid,RWS MN / MN District Zuid,RWS MN / MN District Zuid,RWS MN / MN District Zuid,RWS GPO / RPC Noord-West,Utrecht,NULL,Utrecht (gem.),NULL,0,NULL,13925,1054,NULL,NULL,402,2014-07-25 10:53:13.000,0x00000000007975FA,23103,NULL,NULL,Steunpunt,NULL,stuk,beton,4979,50610,STP 01+04,Wand,beton,23103,4979
4979,2382,31H-005-02,Galecopperbrug noord,Noordelijke brug over het Amsterdam-Rijnkanaal nabij Utrecht,Bruggen (vast),Droog,HWN       ,Staal,4269,A12,30,in RW     ,NULL,NULL,"135,121","452,549",1976,in gebruik,NULL,RWS MN / MN District Zuid,RWS MN / MN District Zuid,RWS MN / MN District Zuid,RWS MN / MN District Zuid,RWS GPO / RPC Noord-West,Utrecht,NULL,Utrecht (gem.),NULL,0,NULL,13925,1054,NULL,NULL,402,2014-07-25 10:53:13.000,0x00000000007975FA,23103,NULL,NULL,Steunpunt,NULL,stuk,beton,4979,50612,STP 02+03,Fundatie,beton,23103,4979
4979,2382,31H-005-02,Galecopperbrug noord,Noordelijke brug over het Amsterdam-Rijnkanaal nabij Utrecht,Bruggen (vast),Droog,HWN       ,Staal,4269,A12,30,in RW     ,NULL,NULL,"135,121","452,549",1976,in gebruik,NULL,RWS MN / MN District Zuid,RWS MN / MN District Zuid,RWS MN / MN District Zuid,RWS MN / MN District Zuid,RWS GPO / RPC Noord-West,Utrecht,NULL,Utrecht (gem.),NULL,0,NULL,13925,1054,NULL,NULL,402,2014-07-25 10:53:13.000,0x00000000007975FA,23103,NULL,NULL,Steunpunt,NULL,stuk,beton,4979,252501,STP 01+04,Landhoofd,beton,23103,4979
4979,2382,31H-005-02,Galecopperbrug noord,Noordelijke brug over het Amsterdam-Rijnkanaal nabij Utrecht,Bruggen (vast),Droog,HWN       ,Staal,4269,A12,30,in RW     ,NULL,NULL,"135,121","452,549",1976,in gebruik,NULL,RWS MN / MN District Zuid,RWS MN / MN District Zuid,RWS MN / MN District Zuid,RWS MN / MN District Zuid,RWS GPO / RPC Noord-West,Utrecht,NULL,Utrecht (gem.),NULL,0,NULL,13925,1054,NULL,NULL,402,2014-07-25 10:53:13.000,0x00000000007975FA,23103,NULL,NULL,Steunpunt,NULL,stuk,beton,4979,252502,STP 02+03,Kolom,beton,23103,4979
4979,2382,31H-005-02,Galecopperbrug noord,Noordelijke brug over het Amsterdam-Rijnkanaal nabij Utrecht,Bruggen (vast),Droog,HWN       ,Staal,4269,A12,30,in RW     ,NULL,NULL,"135,121","452,549",1976,in gebruik,NULL,RWS MN / MN District Zuid,RWS MN / MN District Zuid,RWS MN / MN District Zuid,RWS MN / MN District Zuid,RWS GPO / RPC Noord-West,Utrecht,NULL,Utrecht (gem.),NULL,0,NULL,13925,1054,NULL,NULL,402,2014-07-25 10:53:13.000,0x00000000007975FA,23103,NULL,NULL,Steunpunt,NULL,stuk,beton,4979,252503,STP 01+04,Deur,staal,23103,4979
4979,2382,31H-005-02,Galecopperbrug noord,Noordelijke brug over het Amsterdam-Rijnkanaal nabij Utrecht,Bruggen (vast),Droog,HWN       ,Staal,4269,A12,30,in RW     ,NULL,NULL,"135,121","452,549",1976,in gebruik,NULL,RWS MN / MN District Zuid,RWS MN / MN District Zuid,RWS MN / MN District Zuid,RWS MN / MN District Zuid,RWS GPO / RPC Noord-West,Utrecht,NULL,Utrecht (gem.),NULL,0,NULL,13925,1054,NULL,NULL,402,2014-07-25 10:53:13.000,0x00000000007975FA,23103,NULL,NULL,Steunpunt,NULL,stuk,beton,4979,252504,STP 01+04,Luik,staal,23103,4979
4979,2382,31H-005-02,Galecopperbrug noord,Noordelijke brug over het Amsterdam-Rijnkanaal nabij Utrecht,Bruggen (vast),Droog,HWN       ,Staal,4269,A12,30,in RW     ,NULL,NULL,"135,121","452,549",1976,in gebruik,NULL,RWS MN / MN District Zuid,RWS MN / MN District Zuid,RWS MN / MN District Zuid,RWS MN / MN District Zuid,RWS GPO / RPC Noord-West,Utrecht,NULL,Utrecht (gem.),NULL,0,NULL,13925,1054,NULL,NULL,402,2014-07-25 10:53:13.000,0x00000000007975FA,23104,NULL,NULL,Voegovergang,NULL,m,staal,4979,50615,STP 01+04,"Voegovergang, Algemeen",staal,23104,4979
4979,2382,31H-005-02,Galecopperbrug noord,Noordelijke brug over het Amsterdam-Rijnkanaal nabij Utrecht,Bruggen (vast),Droog,HWN       ,Staal,4269,A12,30,in RW     ,NULL,NULL,"135,121","452,549",1976,in gebruik,NULL,RWS MN / MN District Zuid,RWS MN / MN District Zuid,RWS MN / MN District Zuid,RWS MN / MN District Zuid,RWS GPO / RPC Noord-West,Utrecht,NULL,Utrecht (gem.),NULL,0,NULL,13925,1054,NULL,NULL,402,2014-07-25 10:53:13.000,0x00000000007975FA,23105,niet standaard,NULL,Geleideconstructie,NULL,m,staal,4979,50616,MB,Geleiderail,staal,23105,4979
4979,2382,31H-005-02,Galecopperbrug noord,Noordelijke brug over het Amsterdam-Rijnkanaal nabij Utrecht,Bruggen (vast),Droog,HWN       ,Staal,4269,A12,30,in RW     ,NULL,NULL,"135,121","452,549",1976,in gebruik,NULL,RWS MN / MN District Zuid,RWS MN / MN District Zuid,RWS MN / MN District Zuid,RWS MN / MN District Zuid,RWS GPO / RPC Noord-West,Utrecht,NULL,Utrecht (gem.),NULL,0,NULL,13925,1054,NULL,NULL,402,2014-07-25 10:53:13.000,0x00000000007975FA,23105,niet standaard,NULL,Geleideconstructie,NULL,m,staal,4979,50617,ZB 01+02,Geleiderail,staal,23105,4979
4979,2382,31H-005-02,Galecopperbrug noord,Noordelijke brug over het Amsterdam-Rijnkanaal nabij Utrecht,Bruggen (vast),Droog,HWN       ,Staal,4269,A12,30,in RW     ,NULL,NULL,"135,121","452,549",1976,in gebruik,NULL,RWS MN / MN District Zuid,RWS MN / MN District Zuid,RWS MN / MN District Zuid,RWS MN / MN District Zuid,RWS GPO / RPC Noord-West,Utrecht,NULL,Utrecht (gem.),NULL,0,NULL,13925,1054,NULL,NULL,402,2014-07-25 10:53:13.000,0x00000000007975FA,108215,-,31658,Aarding- en bliksembeveiligingsinstallatie,NULL,NULL,-,4979,252486,Geheel object,"Aarding- en bliksembeveiligingsinstallatie, Algemeen",-,108215,4979
4979,2382,31H-005-02,Galecopperbrug noord,Noordelijke brug over het Amsterdam-Rijnkanaal nabij Utrecht,Bruggen (vast),Droog,HWN       ,Staal,4269,A12,30,in RW     ,NULL,NULL,"135,121","452,549",1976,in gebruik,NULL,RWS MN / MN District Zuid,RWS MN / MN District Zuid,RWS MN / MN District Zuid,RWS MN / MN District Zuid,RWS GPO / RPC Noord-West,Utrecht,NULL,Utrecht (gem.),NULL,0,NULL,13925,1054,NULL,NULL,402,2014-07-25 10:53:13.000,0x00000000007975FA,108225,-,31658,Objectverlichting,NULL,NULL,-,4979,252511,geheel object,"Objectverlichting, Algemeen",-,108225,4979
4979,2382,31H-005-02,Galecopperbrug noord,Noordelijke brug over het Amsterdam-Rijnkanaal nabij Utrecht,Bruggen (vast),Droog,HWN       ,Staal,4269,A12,30,in RW     ,NULL,NULL,"135,121","452,549",1976,in gebruik,NULL,RWS MN / MN District Zuid,RWS MN / MN District Zuid,RWS MN / MN District Zuid,RWS MN / MN District Zuid,RWS GPO / RPC Noord-West,Utrecht,NULL,Utrecht (gem.),NULL,0,NULL,13925,1054,NULL,NULL,402,2014-07-25 10:53:13.000,0x00000000007975FA,108228,-,31658,Scheepverkeersbeseining,NULL,NULL,-,4979,252522,OVSP 02-03,"Scheepverkeersbeseining, Algemeen",staal,108228,4979
4979,2382,31H-005-02,Galecopperbrug noord,Noordelijke brug over het Amsterdam-Rijnkanaal nabij Utrecht,Bruggen (vast),Droog,HWN       ,Staal,4269,A12,30,in RW     ,NULL,NULL,"135,121","452,549",1976,in gebruik,NULL,RWS MN / MN District Zuid,RWS MN / MN District Zuid,RWS MN / MN District Zuid,RWS MN / MN District Zuid,RWS GPO / RPC Noord-West,Utrecht,NULL,Utrecht (gem.),NULL,0,NULL,13925,1054,NULL,NULL,402,2014-07-25 10:53:13.000,0x00000000007975FA,108227,-,31658,Rijvloer,NULL,NULL,beton,4979,252521,OVSP 01-03,"Rijvloer, Algemeen",beton,108227,4979
4979,2382,31H-005-02,Galecopperbrug noord,Noordelijke brug over het Amsterdam-Rijnkanaal nabij Utrecht,Bruggen (vast),Droog,HWN       ,Staal,4269,A12,30,in RW     ,NULL,NULL,"135,121","452,549",1976,in gebruik,NULL,RWS MN / MN District Zuid,RWS MN / MN District Zuid,RWS MN / MN District Zuid,RWS MN / MN District Zuid,RWS GPO / RPC Noord-West,Utrecht,NULL,Utrecht (gem.),NULL,0,NULL,13925,1054,NULL,NULL,402,2014-07-25 10:53:13.000,0x00000000007975FA,108055,Renovatie 2014,31658,Hoofddraagconstructie,NULL,m2,staal,4979,251926,OVSP 01-03,Dwarsdrager,staal,108055,4979
4979,2382,31H-005-02,Galecopperbrug noord,Noordelijke brug over het Amsterdam-Rijnkanaal nabij Utrecht,Bruggen (vast),Droog,HWN       ,Staal,4269,A12,30,in RW     ,NULL,NULL,"135,121","452,549",1976,in gebruik,NULL,RWS MN / MN District Zuid,RWS MN / MN District Zuid,RWS MN / MN District Zuid,RWS MN / MN District Zuid,RWS GPO / RPC Noord-West,Utrecht,NULL,Utrecht (gem.),NULL,0,NULL,13925,1054,NULL,NULL,402,2014-07-25 10:53:13.000,0x00000000007975FA,108055,Renovatie 2014,31658,Hoofddraagconstructie,NULL,m2,staal,4979,252489,OVSP 01-03,hoofdligger,staal,108055,4979
4979,2382,31H-005-02,Galecopperbrug noord,Noordelijke brug over het Amsterdam-Rijnkanaal nabij Utrecht,Bruggen (vast),Droog,HWN       ,Staal,4269,A12,30,in RW     ,NULL,NULL,"135,121","452,549",1976,in gebruik,NULL,RWS MN / MN District Zuid,RWS MN / MN District Zuid,RWS MN / MN District Zuid,RWS MN / MN District Zuid,RWS GPO / RPC Noord-West,Utrecht,NULL,Utrecht (gem.),NULL,0,NULL,13925,1054,NULL,NULL,402,2014-07-25 10:53:13.000,0x00000000007975FA,108055,Renovatie 2014,31658,Hoofddraagconstructie,NULL,m2,staal,4979,252490,OVSP 01-03,Frame,staal,108055,4979
4979,2382,31H-005-02,Galecopperbrug noord,Noordelijke brug over het Amsterdam-Rijnkanaal nabij Utrecht,Bruggen (vast),Droog,HWN       ,Staal,4269,A12,30,in RW     ,NULL,NULL,"135,121","452,549",1976,in gebruik,NULL,RWS MN / MN District Zuid,RWS MN / MN District Zuid,RWS MN / MN District Zuid,RWS MN / MN District Zuid,RWS GPO / RPC Noord-West,Utrecht,NULL,Utrecht (gem.),NULL,0,NULL,13925,1054,NULL,NULL,402,2014-07-25 10:53:13.000,0x00000000007975FA,108055,Renovatie 2014,31658,Hoofddraagconstructie,NULL,m2,staal,4979,252491,OVSP 01-03,"Leuning, Algemeen",staal,108055,4979
4979,2382,31H-005-02,Galecopperbrug noord,Noordelijke brug over het Amsterdam-Rijnkanaal nabij Utrecht,Bruggen (vast),Droog,HWN       ,Staal,4269,A12,30,in RW     ,NULL,NULL,"135,121","452,549",1976,in gebruik,NULL,RWS MN / MN District Zuid,RWS MN / MN District Zuid,RWS MN / MN District Zuid,RWS MN / MN District Zuid,RWS GPO / RPC Noord-West,Utrecht,NULL,Utrecht (gem.),NULL,0,NULL,13925,1054,NULL,NULL,402,2014-07-25 10:53:13.000,0x00000000007975FA,108055,Renovatie 2014,31658,Hoofddraagconstructie,NULL,m2,staal,4979,252492,STP 01+04,"Verankering, Algemeen",staal,108055,4979
4979,2382,31H-005-02,Galecopperbrug noord,Noordelijke brug over het Amsterdam-Rijnkanaal nabij Utrecht,Bruggen (vast),Droog,HWN       ,Staal,4269,A12,30,in RW     ,NULL,NULL,"135,121","452,549",1976,in gebruik,NULL,RWS MN / MN District Zuid,RWS MN / MN District Zuid,RWS MN / MN District Zuid,RWS MN / MN District Zuid,RWS GPO / RPC Noord-West,Utrecht,NULL,Utrecht (gem.),NULL,0,NULL,13925,1054,NULL,NULL,402,2014-07-25 10:53:13.000,0x00000000007975FA,108055,Renovatie 2014,31658,Hoofddraagconstructie,NULL,m2,staal,4979,252493,OVSP 01-03,Bordes,staal,108055,4979
4979,2382,31H-005-02,Galecopperbrug noord,Noordelijke brug over het Amsterdam-Rijnkanaal nabij Utrecht,Bruggen (vast),Droog,HWN       ,Staal,4269,A12,30,in RW     ,NULL,NULL,"135,121","452,549",1976,in gebruik,NULL,RWS MN / MN District Zuid,RWS MN / MN District Zuid,RWS MN / MN District Zuid,RWS MN / MN District Zuid,RWS GPO / RPC Noord-West,Utrecht,NULL,Utrecht (gem.),NULL,0,NULL,13925,1054,NULL,NULL,402,2014-07-25 10:53:13.000,0x00000000007975FA,108226,Stalen Pylonen,31658,Pyloon,NULL,m2,beton,4979,252512,"STP 01+04, OVSP 02",Beschermconstructie,staal,108226,4979
4979,2382,31H-005-02,Galecopperbrug noord,Noordelijke brug over het Amsterdam-Rijnkanaal nabij Utrecht,Bruggen (vast),Droog,HWN       ,Staal,4269,A12,30,in RW     ,NULL,NULL,"135,121","452,549",1976,in gebruik,NULL,RWS MN / MN District Zuid,RWS MN / MN District Zuid,RWS MN / MN District Zuid,RWS MN / MN District Zuid,RWS GPO / RPC Noord-West,Utrecht,NULL,Utrecht (gem.),NULL,0,NULL,13925,1054,NULL,NULL,402,2014-07-25 10:53:13.000,0x00000000007975FA,108226,Stalen Pylonen,31658,Pyloon,NULL,m2,beton,4979,252513,STP 02+03,Deur,staal,108226,4979
4979,2382,31H-005-02,Galecopperbrug noord,Noordelijke brug over het Amsterdam-Rijnkanaal nabij Utrecht,Bruggen (vast),Droog,HWN       ,Staal,4269,A12,30,in RW     ,NULL,NULL,"135,121","452,549",1976,in gebruik,NULL,RWS MN / MN District Zuid,RWS MN / MN District Zuid,RWS MN / MN District Zuid,RWS MN / MN District Zuid,RWS GPO / RPC Noord-West,Utrecht,NULL,Utrecht (gem.),NULL,0,NULL,13925,1054,NULL,NULL,402,2014-07-25 10:53:13.000,0x00000000007975FA,108226,Stalen Pylonen,31658,Pyloon,NULL,m2,beton,4979,252514,STP 02+03,Frame,staal,108226,4979
4979,2382,31H-005-02,Galecopperbrug noord,Noordelijke brug over het Amsterdam-Rijnkanaal nabij Utrecht,Bruggen (vast),Droog,HWN       ,Staal,4269,A12,30,in RW     ,NULL,NULL,"135,121","452,549",1976,in gebruik,NULL,RWS MN / MN District Zuid,RWS MN / MN District Zuid,RWS MN / MN District Zuid,RWS MN / MN District Zuid,RWS GPO / RPC Noord-West,Utrecht,NULL,Utrecht (gem.),NULL,0,NULL,13925,1054,NULL,NULL,402,2014-07-25 10:53:13.000,0x00000000007975FA,108226,Stalen Pylonen,31658,Pyloon,NULL,m2,beton,4979,252515,STP 02+03,Ladder,staal,108226,4979
4979,2382,31H-005-02,Galecopperbrug noord,Noordelijke brug over het Amsterdam-Rijnkanaal nabij Utrecht,Bruggen (vast),Droog,HWN       ,Staal,4269,A12,30,in RW     ,NULL,NULL,"135,121","452,549",1976,in gebruik,NULL,RWS MN / MN District Zuid,RWS MN / MN District Zuid,RWS MN / MN District Zuid,RWS MN / MN District Zuid,RWS GPO / RPC Noord-West,Utrecht,NULL,Utrecht (gem.),NULL,0,NULL,13925,1054,NULL,NULL,402,2014-07-25 10:53:13.000,0x00000000007975FA,108226,Stalen Pylonen,31658,Pyloon,NULL,m2,beton,4979,252516,"STP 01-04, OVSP 02",ligger,staal,108226,4979
4979,2382,31H-005-02,Galecopperbrug noord,Noordelijke brug over het Amsterdam-Rijnkanaal nabij Utrecht,Bruggen (vast),Droog,HWN       ,Staal,4269,A12,30,in RW     ,NULL,NULL,"135,121","452,549",1976,in gebruik,NULL,RWS MN / MN District Zuid,RWS MN / MN District Zuid,RWS MN / MN District Zuid,RWS MN / MN District Zuid,RWS GPO / RPC Noord-West,Utrecht,NULL,Utrecht (gem.),NULL,0,NULL,13925,1054,NULL,NULL,402,2014-07-25 10:53:13.000,0x00000000007975FA,108226,Stalen Pylonen,31658,Pyloon,NULL,m2,beton,4979,252517,STP 02+03,Plaatveld,staal,108226,4979
4979,2382,31H-005-02,Galecopperbrug noord,Noordelijke brug over het Amsterdam-Rijnkanaal nabij Utrecht,Bruggen (vast),Droog,HWN       ,Staal,4269,A12,30,in RW     ,NULL,NULL,"135,121","452,549",1976,in gebruik,NULL,RWS MN / MN District Zuid,RWS MN / MN District Zuid,RWS MN / MN District Zuid,RWS MN / MN District Zuid,RWS GPO / RPC Noord-West,Utrecht,NULL,Utrecht (gem.),NULL,0,NULL,13925,1054,NULL,NULL,402,2014-07-25 10:53:13.000,0x00000000007975FA,108226,Stalen Pylonen,31658,Pyloon,NULL,m2,beton,4979,252518,OVSP 01-03,Tuiconstructie,staal,108226,4979
4979,2382,31H-005-02,Galecopperbrug noord,Noordelijke brug over het Amsterdam-Rijnkanaal nabij Utrecht,Bruggen (vast),Droog,HWN       ,Staal,4269,A12,30,in RW     ,NULL,NULL,"135,121","452,549",1976,in gebruik,NULL,RWS MN / MN District Zuid,RWS MN / MN District Zuid,RWS MN / MN District Zuid,RWS MN / MN District Zuid,RWS GPO / RPC Noord-West,Utrecht,NULL,Utrecht (gem.),NULL,0,NULL,13925,1054,NULL,NULL,402,2014-07-25 10:53:13.000,0x00000000007975FA,108226,Stalen Pylonen,31658,Pyloon,NULL,m2,beton,4979,252519,STP 02+03,"Verankering, Algemeen",staal,108226,4979
4979,2382,31H-005-02,Galecopperbrug noord,Noordelijke brug over het Amsterdam-Rijnkanaal nabij Utrecht,Bruggen (vast),Droog,HWN       ,Staal,4269,A12,30,in RW     ,NULL,NULL,"135,121","452,549",1976,in gebruik,NULL,RWS MN / MN District Zuid,RWS MN / MN District Zuid,RWS MN / MN District Zuid,RWS MN / MN District Zuid,RWS GPO / RPC Noord-West,Utrecht,NULL,Utrecht (gem.),NULL,0,NULL,13925,1054,NULL,NULL,402,2014-07-25 10:53:13.000,0x00000000007975FA,108226,Stalen Pylonen,31658,Pyloon,NULL,m2,beton,4979,252520,STP 02+03,verstijving,staal,108226,4979